DATE,CPIAUCSL,CPILFENS,PPIACO,PCEPI,PCEPILFE,GS1
01-01-59,29.01,29.9,31.7,16.074,16.727,3.36
01-02-59,29,29.9,31.7,16.089,16.74,3.54
01-03-59,28.97,30,31.7,16.1,16.759,3.61
01-04-59,28.98,30,31.8,16.132,16.801,3.72
01-05-59,29.04,30.1,31.8,16.14,16.822,3.96
01-06-59,29.11,30.1,31.7,16.186,16.871,4.07
01-07-59,29.15,30.2,31.7,16.22,16.911,4.39
01-08-59,29.18,30.2,31.6,16.244,16.938,4.42
01-09-59,29.25,30.3,31.7,16.286,16.983,5
01-10-59,29.35,30.5,31.6,16.326,17.012,4.8
01-11-59,29.35,30.5,31.5,16.336,17.043,4.81
01-12-59,29.41,30.5,31.5,16.355,17.069,5.14
01-01-60,29.37,30.5,31.6,16.346,17.073,5.03
01-02-60,29.41,30.6,31.6,16.363,17.105,4.66
01-03-60,29.41,30.6,31.8,16.372,17.107,4.02
01-04-60,29.54,30.6,31.8,16.432,17.138,4.04
01-05-60,29.57,30.6,31.7,16.449,17.166,4.21
01-06-60,29.61,30.6,31.7,16.456,17.176,3.36
01-07-60,29.55,30.6,31.7,16.485,17.206,3.2
01-08-60,29.61,30.6,31.6,16.513,17.231,2.95
01-09-60,29.61,30.6,31.6,16.523,17.244,3.07
01-10-60,29.75,30.8,31.7,16.542,17.255,3.04
01-11-60,29.78,30.8,31.7,16.598,17.301,3.08
01-12-60,29.81,30.8,31.7,16.601,17.295,2.86
01-01-61,29.84,30.8,31.8,16.604,17.3,2.81
01-02-61,29.84,30.8,31.8,16.62,17.317,2.93
01-03-61,29.84,30.8,31.8,16.61,17.322,2.88
01-04-61,29.81,30.9,31.6,16.6,17.346,2.88
01-05-61,29.84,30.9,31.5,16.609,17.369,2.87
01-06-61,29.84,30.9,31.3,16.617,17.395,3.06
01-07-61,29.92,31,31.5,16.653,17.422,2.92
01-08-61,29.94,31,31.5,16.667,17.44,3.06
01-09-61,29.98,31.1,31.5,16.686,17.475,3.06
01-10-61,29.98,31.2,31.5,16.685,17.481,3.05
01-11-61,29.98,31.2,31.5,16.686,17.483,3.07
01-12-61,30.01,31.2,31.6,16.69,17.499,3.18
01-01-62,30.04,31.2,31.7,16.721,17.519,3.28
01-02-62,30.11,31.2,31.7,16.767,17.548,3.28
01-03-62,30.17,31.3,31.7,16.789,17.589,3.06
01-04-62,30.21,31.3,31.6,16.808,17.593,2.99
01-05-62,30.24,31.4,31.5,16.818,17.617,3.03
01-06-62,30.21,31.4,31.5,16.829,17.649,3.03
01-07-62,30.22,31.4,31.6,16.819,17.664,3.29
01-08-62,30.28,31.4,31.6,16.844,17.667,3.2
01-09-62,30.42,31.5,31.9,16.927,17.702,3.06
01-10-62,30.38,31.6,31.7,16.909,17.701,2.98
01-11-62,30.38,31.6,31.7,16.922,17.713,3
01-12-62,30.38,31.6,31.6,16.914,17.718,3.01
01-01-63,30.44,31.5,31.6,16.956,17.753,3.04
01-02-63,30.48,31.5,31.5,16.974,17.773,3.01
01-03-63,30.51,31.6,31.5,16.961,17.783,3.03
01-04-63,30.48,31.7,31.4,16.96,17.805,3.11
01-05-63,30.51,31.7,31.5,16.987,17.837,3.12
01-06-63,30.61,31.8,31.6,17.024,17.868,3.2
01-07-63,30.69,31.8,31.7,17.058,17.884,3.48
01-08-63,30.75,31.9,31.6,17.081,17.9,3.53
01-09-63,30.72,31.9,31.6,17.078,17.932,3.57
01-10-63,30.75,32,31.6,17.111,17.972,3.64
01-11-63,30.78,32.1,31.7,17.135,17.989,3.74
01-12-63,30.88,32.1,31.6,17.161,18.014,3.81
01-01-64,30.94,32.1,31.8,17.197,18.039,3.79
01-02-64,30.91,32.1,31.6,17.221,18.074,3.78
01-03-64,30.94,32.2,31.6,17.231,18.09,3.91
01-04-64,30.95,32.2,31.6,17.245,18.107,3.91
01-05-64,30.98,32.2,31.5,17.246,18.123,3.84
01-06-64,31.01,32.3,31.5,17.271,18.136,3.83
01-07-64,31.02,32.3,31.6,17.293,18.154,3.72
01-08-64,31.05,32.2,31.6,17.306,18.177,3.74
01-09-64,31.08,32.3,31.7,17.333,18.185,3.84
01-10-64,31.12,32.4,31.7,17.343,18.192,3.86
01-11-64,31.21,32.5,31.7,17.368,18.218,3.91
01-12-64,31.25,32.5,31.7,17.393,18.244,4.02
01-01-65,31.28,32.6,31.8,17.412,18.268,3.94
01-02-65,31.28,32.6,31.9,17.419,18.291,4.03
01-03-65,31.31,32.6,31.9,17.442,18.301,4.06
01-04-65,31.38,32.7,32,17.469,18.323,4.04
01-05-65,31.48,32.7,32.1,17.508,18.357,4.03
01-06-65,31.61,32.7,32.4,17.559,18.352,3.99
01-07-65,31.58,32.7,32.4,17.572,18.37,3.98
01-08-65,31.55,32.7,32.4,17.576,18.405,4.07
01-09-65,31.62,32.8,32.4,17.584,18.427,4.2
01-10-65,31.65,32.9,32.5,17.59,18.42,4.3
01-11-65,31.75,32.9,32.6,17.62,18.455,4.37
01-12-65,31.85,33,32.8,17.684,18.511,4.72
01-01-66,31.88,32.9,32.9,17.704,18.516,4.88
01-02-66,32.08,33,33.2,17.778,18.562,4.94
01-03-66,32.18,33.1,33.2,17.821,18.585,4.97
01-04-66,32.28,33.3,33.2,17.883,18.651,4.9
01-05-66,32.35,33.4,33.2,17.905,18.701,4.93
01-06-66,32.38,33.5,33.3,17.95,18.762,4.97
01-07-66,32.45,33.6,33.5,17.984,18.817,5.17
01-08-66,32.65,33.7,33.6,18.053,18.852,5.54
01-09-66,32.75,33.8,33.6,18.11,18.909,5.82
01-10-66,32.85,34,33.4,18.158,18.971,5.58
01-11-66,32.88,34.1,33.3,18.185,19.019,5.54
01-12-66,32.92,34.1,33.3,18.222,19.077,5.2
01-01-67,32.9,34.1,33.4,18.224,19.095,4.75
01-02-67,33,34.2,33.4,18.245,19.129,4.71
01-03-67,33,34.3,33.3,18.255,19.158,4.35
01-04-67,33.1,34.4,33.1,18.285,19.211,4.11
01-05-67,33.1,34.5,33.3,18.32,19.253,4.15
01-06-67,33.3,34.6,33.5,18.379,19.302,4.48
01-07-67,33.4,34.7,33.5,18.441,19.368,5.01
01-08-67,33.5,34.8,33.4,18.499,19.427,5.13
01-09-67,33.6,35,33.4,18.555,19.496,5.24
01-10-67,33.7,35.2,33.4,18.606,19.569,5.37
01-11-67,33.9,35.3,33.4,18.668,19.631,5.61
01-12-67,34,35.4,33.7,18.698,19.679,5.71
01-01-68,34.1,35.5,33.8,18.784,19.766,5.43
01-02-68,34.2,35.6,34,18.861,19.852,5.41
01-03-68,34.3,35.8,34.1,18.923,19.931,5.58
01-04-68,34.4,35.9,34.1,18.982,20.004,5.71
01-05-68,34.5,36,34.2,19.052,20.08,6.14
01-06-68,34.7,36.2,34.2,19.113,20.158,5.98
01-07-68,34.9,36.4,34.3,19.171,20.225,5.65
01-08-68,35,36.5,34.2,19.25,20.304,5.43
01-09-68,35.1,36.7,34.4,19.317,20.387,5.45
01-10-68,35.3,36.9,34.4,19.402,20.469,5.57
01-11-68,35.4,37.1,34.5,19.467,20.546,5.75
01-12-68,35.6,37.2,34.6,19.508,20.609,6.19
01-01-69,35.7,37.3,34.8,19.584,20.687,6.34
01-02-69,35.8,37.5,35,19.633,20.757,6.41
01-03-69,36.1,37.8,35.2,19.726,20.854,6.34
01-04-69,36.3,38.1,35.3,19.812,20.935,6.26
01-05-69,36.4,38.2,35.5,19.892,21.018,6.42
01-06-69,36.6,38.3,35.7,19.989,21.091,7.04
01-07-69,36.8,38.5,35.8,20.076,21.189,7.6
01-08-69,36.9,38.6,35.7,20.132,21.249,7.54
01-09-69,37.1,38.9,35.8,20.216,21.334,7.82
01-10-69,37.3,39.1,35.9,20.285,21.425,7.64
01-11-69,37.5,39.3,36.1,20.372,21.507,7.89
01-12-69,37.7,39.5,36.3,20.465,21.587,8.17
01-01-70,37.9,39.6,36.5,20.539,21.659,8.1
01-02-70,38.1,39.8,36.7,20.62,21.742,7.59
01-03-70,38.3,40.1,36.7,20.672,21.823,6.97
01-04-70,38.5,40.3,36.8,20.776,21.909,7.06
01-05-70,38.6,40.5,36.8,20.842,21.986,7.75
01-06-70,38.8,40.8,36.9,20.896,22.066,7.55
01-07-70,38.9,40.9,37.1,20.973,22.149,7.1
01-08-70,39,41,36.9,21.028,22.226,6.98
01-09-70,39.2,41.3,37.1,21.122,22.319,6.73
01-10-70,39.4,41.6,37.1,21.227,22.429,6.43
01-11-70,39.6,41.9,37.1,21.31,22.544,5.51
01-12-70,39.8,42.1,37.1,21.405,22.658,5
01-01-71,39.9,42.1,37.3,21.45,22.747,4.57
01-02-71,39.9,42.1,37.7,21.513,22.834,3.89
01-03-71,40,42.2,37.8,21.584,22.907,3.69
01-04-71,40.1,42.3,37.9,21.669,22.992,4.3
01-05-71,40.3,42.6,38.1,21.759,23.093,5.04
01-06-71,40.5,42.8,38.2,21.855,23.184,5.64
01-07-71,40.6,42.9,38.3,21.921,23.273,6.04
01-08-71,40.7,42.9,38.5,21.985,23.305,5.8
01-09-71,40.8,43.1,38.3,22.018,23.344,5.41
01-10-71,40.9,43.2,38.3,22.052,23.381,4.91
01-11-71,41,43.3,38.3,22.097,23.433,4.67
01-12-71,41.1,43.4,38.6,22.184,23.507,4.6
01-01-72,41.2,43.4,38.8,22.275,23.607,4.28
01-02-72,41.4,43.5,39.2,22.363,23.671,4.27
01-03-72,41.4,43.6,39.2,22.395,23.717,4.67
01-04-72,41.5,43.7,39.3,22.429,23.772,4.96
01-05-72,41.6,43.9,39.5,22.478,23.828,4.64
01-06-72,41.7,44,39.7,22.513,23.875,4.93
01-07-72,41.8,44.1,40,22.593,23.944,4.96
01-08-72,41.9,44.3,40.1,22.659,23.994,4.98
01-09-72,42.1,44.3,40.2,22.76,24.075,5.52
01-10-72,42.2,44.5,40.1,22.786,24.088,5.52
01-11-72,42.4,44.6,40.3,22.854,24.152,5.27
01-12-72,42.5,44.7,41.1,22.927,24.225,5.52
01-01-73,42.7,44.6,41.6,22.996,24.24,5.89
01-02-73,43,44.7,42.4,23.117,24.316,6.19
01-03-73,43.4,44.9,43.4,23.28,24.414,6.85
01-04-73,43.7,45.1,43.6,23.454,24.556,6.85
01-05-73,43.9,45.3,44.5,23.569,24.651,6.89
01-06-73,44.2,45.4,45.5,23.704,24.757,7.31
01-07-73,44.2,45.5,44.9,23.79,24.863,8.39
01-08-73,45,45.7,47.5,24.064,24.979,8.82
01-09-73,45.2,46,46.7,24.16,25.105,8.31
01-10-73,45.6,46.4,46.3,24.296,25.202,7.4
01-11-73,45.9,46.6,46.5,24.495,25.324,7.57
01-12-73,46.3,46.8,47.4,24.697,25.464,7.27
01-01-74,46.8,46.8,49,24.934,25.589,7.42
01-02-74,47.3,47.1,50,25.224,25.753,6.88
01-03-74,47.8,47.5,50.6,25.517,25.953,7.76
01-04-74,48.1,47.9,51,25.697,26.147,8.62
01-05-74,48.6,48.4,51.8,25.95,26.398,8.78
01-06-74,49,49,52,26.17,26.67,8.67
01-07-74,49.3,49.5,54,26.363,26.906,8.8
01-08-74,49.9,50.1,55.9,26.639,27.165,9.36
01-09-74,50.6,50.7,55.9,26.916,27.409,8.87
01-10-74,51,51.3,56.9,27.108,27.623,8.05
01-11-74,51.5,51.8,57.4,27.312,27.825,7.66
01-12-74,51.9,52,57.3,27.528,28.021,7.31
01-01-75,52.3,52.2,57.4,27.698,28.185,6.83
01-02-75,52.6,52.6,57.2,27.849,28.384,5.98
01-03-75,52.8,52.9,56.9,27.943,28.533,6.11
01-04-75,53,53.3,57.5,28.039,28.671,6.9
01-05-75,53.1,53.5,57.9,28.15,28.793,6.39
01-06-75,53.5,53.7,58,28.326,28.933,6.29
01-07-75,54,54,58.7,28.569,29.112,7.11
01-08-75,54.2,54.2,59,28.693,29.212,7.7
01-09-75,54.6,54.6,59.4,28.835,29.371,7.75
01-10-75,54.9,54.9,59.8,29.003,29.517,6.95
01-11-75,55.3,55.3,59.5,29.189,29.713,6.49
01-12-75,55.6,55.5,59.7,29.35,29.893,6.6
01-01-76,55.8,55.7,59.9,29.462,30.046,5.81
01-02-76,55.9,56,59.9,29.5,30.166,5.91
01-03-76,56,56.4,60,29.544,30.266,6.21
01-04-76,56.1,56.7,60.6,29.611,30.384,5.92
01-05-76,56.4,57,60.8,29.752,30.527,6.4
01-06-76,56.7,57.2,61.2,29.882,30.651,6.52
01-07-76,57,57.6,61.6,30.033,30.82,6.2
01-08-76,57.3,57.9,61.4,30.199,30.997,6
01-09-76,57.6,58.3,61.8,30.369,31.179,5.84
01-10-76,57.9,58.6,61.9,30.528,31.332,5.5
01-11-76,58.1,58.9,62,30.667,31.475,5.29
01-12-76,58.4,58.9,62.5,30.839,31.645,4.89
01-01-77,58.7,59.2,62.8,31.017,31.838,5.29
01-02-77,59.3,59.5,63.5,31.26,32.033,5.47
01-03-77,59.6,59.9,64.1,31.417,32.169,5.5
01-04-77,60,60.3,64.9,31.6,32.329,5.44
01-05-77,60.2,60.6,65.2,31.76,32.494,5.84
01-06-77,60.5,61,65,31.937,32.687,5.8
01-07-77,60.8,61.2,65.1,32.103,32.89,5.94
01-08-77,61.1,61.5,65,32.253,33.051,6.37
01-09-77,61.3,61.9,65.3,32.374,33.19,6.53
01-10-77,61.6,62.1,65.6,32.524,33.351,6.97
01-11-77,62,62.4,65.8,32.712,33.524,6.95
01-12-77,62.3,62.7,66.2,32.87,33.697,6.96
01-01-78,62.7,63,66.8,33.064,33.899,7.28
01-02-78,63,63.2,67.5,33.218,34.029,7.34
01-03-78,63.4,63.7,68.1,33.433,34.213,7.31
01-04-78,63.9,64.2,69,33.686,34.435,7.45
01-05-78,64.5,64.7,69.5,33.927,34.637,7.82
01-06-78,65,65.3,70,34.149,34.831,8.09
01-07-78,65.5,65.7,70.4,34.336,35.035,8.39
01-08-78,65.9,66.1,70.4,34.509,35.224,8.31
01-09-78,66.5,66.8,71,34.706,35.426,8.64
01-10-78,67.1,67.3,71.8,34.981,35.686,9.14
01-11-78,67.5,67.8,72.1,35.18,35.878,10.01
01-12-78,67.9,68,72.7,35.345,36.018,10.3
01-01-79,68.5,68.4,73.8,35.611,36.203,10.41
01-02-79,69.2,69,74.9,35.802,36.321,10.24
01-03-79,69.9,69.6,75.8,36.081,36.53,10.25
01-04-79,70.6,70.2,76.9,36.457,36.867,10.12
01-05-79,71.4,70.8,77.5,36.835,37.187,10.12
01-06-79,72.2,71.4,78,37.138,37.396,9.57
01-07-79,73,72,79.2,37.422,37.583,9.64
01-08-79,73.7,72.7,79.6,37.708,37.833,9.98
01-09-79,74.4,73.4,80.9,38.041,38.091,10.84
01-10-79,75.2,74.1,82.1,38.351,38.369,12.44
01-11-79,76,75,82.6,38.617,38.615,12.39
01-12-79,76.9,75.7,83.4,38.942,38.892,11.98
01-01-80,78,76.6,85.2,39.349,39.187,12.06
01-02-80,79,77.3,86.9,39.776,39.578,13.92
01-03-80,80.1,78.3,87.5,40.264,39.945,15.82
01-04-80,80.9,79.3,87.8,40.475,40.15,13.3
01-05-80,81.7,80.2,88.3,40.79,40.473,9.39
01-06-80,82.5,81.1,88.7,41.047,40.742,8.16
01-07-80,82.6,80.9,90.3,41.365,41.028,8.65
01-08-80,83.2,81.3,91.5,41.711,41.325,10.24
01-09-80,83.9,82.2,91.7,42.096,41.714,11.52
01-10-80,84.7,83.2,92.8,42.434,42.058,12.49
01-11-80,85.6,84.1,93.2,42.779,42.389,14.15
01-12-80,86.4,84.9,93.8,43.057,42.644,14.88
01-01-81,87.2,85.3,95.2,43.47,43.013,14.08
01-02-81,88,85.7,96.1,43.91,43.328,14.57
01-03-81,88.6,86.1,97,44.216,43.568,13.71
01-04-81,89.1,86.8,98,44.409,43.847,14.32
01-05-81,89.7,87.8,98.3,44.609,44.148,16.2
01-06-81,90.5,88.7,98.5,44.787,44.369,14.86
01-07-81,91.5,89.9,99,45.057,44.636,15.72
01-08-81,92.2,90.7,99,45.338,44.936,16.72
01-09-81,93.1,91.9,98.8,45.613,45.23,16.52
01-10-81,93.4,92.3,98.9,45.82,45.499,15.38
01-11-81,93.8,92.7,98.8,46.065,45.765,12.41
01-12-81,94.1,93,98.8,46.208,45.934,12.85
01-01-82,94.4,93.2,99.7,46.483,46.216,14.32
01-02-82,94.7,93.5,99.8,46.622,46.395,14.73
01-03-82,94.7,93.7,99.6,46.742,46.597,13.95
01-04-82,95,94.5,99.6,46.766,46.781,13.98
01-05-82,95.9,95.4,99.8,47.043,47.037,13.34
01-06-82,97,96.3,100,47.384,47.273,14.07
01-07-82,97.5,96.7,100.4,47.665,47.579,13.24
01-08-82,97.7,97.1,100.3,47.813,47.798,11.43
01-09-82,97.7,97.3,100,47.946,47.975,10.85
01-10-82,98.1,97.7,100.2,48.215,48.279,9.32
01-11-82,98,97.6,100.3,48.359,48.458,9.16
01-12-82,97.7,97.2,100.5,48.432,48.612,8.91
01-01-83,97.9,97.6,100.2,48.659,48.945,8.62
01-02-83,98,97.9,100.5,48.741,49.126,8.92
01-03-83,98.1,98.1,100.4,48.804,49.188,9.04
01-04-83,98.8,98.6,100.4,49.027,49.337,8.98
01-05-83,99.2,98.8,100.8,49.166,49.408,8.9
01-06-83,99.4,99.1,101,49.349,49.639,9.66
01-07-83,99.8,99.6,101.3,49.627,49.973,10.2
01-08-83,100.1,100,101.8,49.84,50.231,10.53
01-09-83,100.4,100.7,102,50.014,50.434,10.16
01-10-83,100.8,101.3,102.2,50.099,50.523,9.81
01-11-83,101.1,101.8,102.1,50.17,50.641,9.94
01-12-83,101.4,101.9,102.3,50.198,50.679,10.11
01-01-84,102.1,102.3,102.9,50.416,50.848,9.9
01-02-84,102.6,102.6,103.2,50.755,51.168,10.04
01-03-84,102.9,103,103.9,50.922,51.362,10.59
01-04-84,103.3,103.5,104,51.115,51.604,10.9
01-05-84,103.5,103.9,104.1,51.18,51.724,11.66
01-06-84,103.7,104.2,104,51.271,51.845,12.08
01-07-84,104.1,104.6,104.2,51.455,52.069,12.03
01-08-84,104.4,105.1,103.8,51.613,52.241,11.82
01-09-84,104.7,105.8,103.4,51.683,52.321,11.58
01-10-84,105.1,106.3,103.4,51.805,52.438,10.9
01-11-84,105.3,106.5,103.7,51.877,52.549,9.82
01-12-84,105.5,106.7,103.5,52.023,52.757,9.33
01-01-85,105.7,106.9,103.4,52.283,53.053,9.02
01-02-85,106.3,107.4,103.3,52.527,53.328,9.29
01-03-85,106.8,107.9,103.1,52.732,53.515,9.86
01-04-85,107,108.2,103.3,52.808,53.579,9.14
01-05-85,107.2,108.6,103.5,52.934,53.764,8.46
01-06-85,107.5,108.8,103.3,53.078,53.941,7.8
01-07-85,107.7,109,103.2,53.208,54.099,7.86
01-08-85,107.9,109.4,102.7,53.384,54.364,8.05
01-09-85,108.1,110,102.1,53.474,54.477,8.07
01-10-85,108.5,110.7,102.9,53.563,54.564,8.01
01-11-85,109,111.2,103.4,53.719,54.698,7.88
01-12-85,109.5,111.3,103.6,53.9,54.847,7.67
01-01-86,109.9,111.6,103.2,54.148,55.143,7.73
01-02-86,109.7,111.9,101.7,54.148,55.286,7.61
01-03-86,109.1,112.3,100.3,54.029,55.454,7.03
01-04-86,108.7,112.7,99.6,53.918,55.554,6.44
01-05-86,109,112.9,100,54.017,55.649,6.65
01-06-86,109.4,113.1,99.9,54.218,55.816,6.73
01-07-86,109.5,113.5,99.4,54.231,55.917,6.27
01-08-86,109.6,113.8,99.3,54.3,56.032,5.93
01-09-86,110,114.5,99.4,54.477,56.216,5.77
01-10-86,110.2,115.1,99.7,54.575,56.407,5.72
01-11-86,110.4,115.4,99.8,54.673,56.526,5.8
01-12-86,110.8,115.5,99.7,54.746,56.599,5.87
01-01-87,111.4,115.8,100.5,55.002,56.733,5.78
01-02-87,111.8,116.1,101,55.195,56.847,5.96
01-03-87,112.2,116.8,101.2,55.341,57.015,6.03
01-04-87,112.7,117.4,101.9,55.547,57.257,6.5
01-05-87,113,117.6,102.6,55.688,57.417,7
01-06-87,113.5,117.7,103,55.899,57.575,6.8
01-07-87,113.8,118,103.5,56.028,57.724,6.68
01-08-87,114.3,118.6,103.8,56.25,57.918,7.03
01-09-87,114.7,119.4,103.7,56.439,58.148,7.67
01-10-87,115,120.1,104.1,56.618,58.396,7.59
01-11-87,115.4,120.5,104.2,56.726,58.519,6.96
01-12-87,115.6,120.4,104.2,56.831,58.642,7.17
01-01-88,116,120.8,104.6,57.051,58.919,6.99
01-02-88,116.2,121.1,104.8,57.135,59.04,6.64
01-03-88,116.5,121.9,104.9,57.332,59.292,6.71
01-04-88,117.2,122.4,105.8,57.611,59.581,7.01
01-05-88,117.5,122.7,106.5,57.778,59.784,7.4
01-06-88,118,123,107.2,58.024,60.036,7.49
01-07-88,118.5,123.3,107.9,58.306,60.281,7.75
01-08-88,119,123.8,108,58.479,60.43,8.17
01-09-88,119.5,124.7,108.1,58.764,60.755,8.09
01-10-88,119.9,125.5,108.2,58.956,60.986,8.11
01-11-88,120.3,125.8,108.3,59.092,61.153,8.48
01-12-88,120.7,126,109,59.277,61.356,8.99
01-01-89,121.2,126.4,110.5,59.581,61.666,9.05
01-02-89,121.6,126.9,110.8,59.779,61.823,9.25
01-03-89,122.2,127.6,111.5,60.002,62.008,9.57
01-04-89,123.1,128,112.3,60.402,62.215,9.36
01-05-89,123.7,128.3,113.2,60.622,62.401,8.98
01-06-89,124.1,128.5,112.9,60.755,62.567,8.44
01-07-89,124.5,129,112.8,60.9,62.728,7.89
01-08-89,124.5,129.3,112,60.907,62.816,8.18
01-09-89,124.8,130,112.4,61.043,63.034,8.22
01-10-89,125.4,130.9,112.8,61.281,63.262,7.99
01-11-89,125.9,131.3,112.7,61.415,63.43,7.77
01-12-89,126.3,131.5,113,61.593,63.611,7.72
01-01-90,127.5,132,114.9,62.06,63.856,7.92
01-02-90,128,132.8,114.4,62.333,64.166,8.11
01-03-90,128.6,133.9,114.2,62.568,64.474,8.35
01-04-90,128.9,134.2,114.1,62.699,64.666,8.4
01-05-90,129.1,134.4,114.6,62.84,64.864,8.32
01-06-90,129.9,134.8,114.3,63.118,65.116,8.1
01-07-90,130.5,135.5,114.5,63.274,65.28,7.94
01-08-90,131.6,136.4,116.5,63.695,65.552,7.78
01-09-90,132.5,137.2,118.4,64.086,65.781,7.76
01-10-90,133.4,137.8,120.8,64.453,66.004,7.55
01-11-90,133.7,138.2,120.1,64.534,66.083,7.31
01-12-90,134.2,138.3,118.7,64.595,66.176,7.05
01-01-91,134.7,139.4,119,64.84,66.506,6.64
01-02-91,134.8,140.3,117.2,64.873,66.689,6.27
01-03-91,134.8,140.9,116.2,64.887,66.828,6.4
01-04-91,135.1,141.1,116,65.004,66.961,6.24
01-05-91,135.6,141.3,116.5,65.274,67.229,6.13
01-06-91,136,141.5,116.4,65.384,67.374,6.36
01-07-91,136.2,142,116.1,65.487,67.579,6.31
01-08-91,136.6,142.7,116.2,65.639,67.765,5.78
01-09-91,137,143.4,116.1,65.865,68.036,5.57
01-10-91,137.2,143.9,116.4,65.989,68.186,5.33
01-11-91,137.8,144.4,116.4,66.133,68.313,4.89
01-12-91,138.2,144.4,115.9,66.299,68.482,4.38
01-01-92,138.3,144.9,115.6,66.389,68.667,4.15
01-02-92,138.6,145.6,116,66.557,68.854,4.29
01-03-92,139.1,146.4,116.1,66.718,69.026,4.63
01-04-92,139.4,146.6,116.3,66.899,69.252,4.3
01-05-92,139.7,146.7,117.2,66.987,69.35,4.19
01-06-92,140.1,146.9,118,67.107,69.404,4.17
01-07-92,140.5,147.3,117.9,67.328,69.666,3.6
01-08-92,140.8,147.7,117.7,67.418,69.73,3.47
01-09-92,141.1,148.1,118,67.528,69.843,3.18
01-10-92,141.7,149,118.1,67.767,70.112,3.3
01-11-92,142.1,149.3,117.8,67.9,70.265,3.68
01-12-92,142.3,149.2,117.6,68.018,70.395,3.71
01-01-93,142.8,149.9,118,68.184,70.6,3.5
01-02-93,143.1,150.8,118.4,68.287,70.735,3.39
01-03-93,143.3,151.4,118.7,68.427,70.889,3.33
01-04-93,143.8,151.7,119.3,68.609,71.095,3.24
01-05-93,144.2,151.7,119.7,68.821,71.336,3.36
01-06-93,144.3,151.8,119.5,68.845,71.404,3.54
01-07-93,144.5,152,119.2,68.954,71.552,3.47
01-08-93,144.8,152.6,118.7,69.072,71.686,3.44
01-09-93,145,152.9,118.7,69.144,71.793,3.36
01-10-93,145.6,153.5,119.1,69.362,71.912,3.39
01-11-93,146,153.9,119,69.493,72.097,3.58
01-12-93,146.3,153.9,118.6,69.509,72.129,3.61
01-01-94,146.3,154.3,119.1,69.532,72.186,3.54
01-02-94,146.7,155,119.3,69.693,72.342,3.87
01-03-94,147.1,155.8,119.7,69.885,72.589,4.32
01-04-94,147.2,155.9,119.7,69.968,72.698,4.82
01-05-94,147.5,156,119.9,70.069,72.86,5.31
01-06-94,147.9,156.2,120.5,70.241,73.021,5.27
01-07-94,148.4,156.4,120.7,70.462,73.175,5.48
01-08-94,149,157,121.2,70.623,73.257,5.56
01-09-94,149.3,157.5,121,70.702,73.368,5.76
01-10-94,149.4,158,120.9,70.822,73.54,6.11
01-11-94,149.8,158.2,121.5,70.957,73.675,6.54
01-12-94,150.1,157.9,121.9,71.003,73.7,7.14
01-01-95,150.5,158.7,122.9,71.146,73.883,7.05
01-02-95,150.9,159.6,123.5,71.272,74.004,6.7
01-03-95,151.2,160.4,123.9,71.404,74.186,6.43
01-04-95,151.8,160.7,124.6,71.592,74.358,6.27
01-05-95,152.1,160.8,124.9,71.702,74.485,6
01-06-95,152.4,160.9,125.3,71.772,74.549,5.64
01-07-95,152.6,161.1,125.3,71.862,74.667,5.59
01-08-95,152.9,161.6,125.1,72.017,74.846,5.75
01-09-95,153.1,162.1,125.2,72.066,74.945,5.62
01-10-95,153.5,162.8,125.3,72.253,75.127,5.59
01-11-95,153.7,163,125.4,72.251,75.175,5.43
01-12-95,153.9,162.7,125.7,72.39,75.281,5.31
01-01-96,154.7,163.4,126.3,72.551,75.366,5.09
01-02-96,155,164.2,126.2,72.665,75.464,4.94
01-03-96,155.5,164.9,126.4,72.884,75.639,5.34
01-04-96,156.1,165,127.4,73.103,75.741,5.54
01-05-96,156.4,165.1,128.1,73.229,75.873,5.64
01-06-96,156.7,165.2,128,73.228,75.931,5.81
01-07-96,157,165.5,128,73.383,76.074,5.85
01-08-96,157.2,165.8,128.3,73.453,76.14,5.67
01-09-96,157.7,166.4,128.2,73.66,76.37,5.83
01-10-96,158.2,167,128,73.883,76.552,5.55
01-11-96,158.7,167.2,128.2,74.015,76.652,5.42
01-12-96,159.1,167,129.1,74.1,76.682,5.47
01-01-97,159.4,167.5,129.7,74.196,76.763,5.61
01-02-97,159.7,168.3,128.5,74.352,76.921,5.53
01-03-97,159.8,169,127.3,74.43,77.105,5.8
01-04-97,159.9,169.4,127,74.503,77.255,5.99
01-05-97,159.9,169.3,127.4,74.469,77.312,5.87
01-06-97,160.2,169.2,127.2,74.565,77.426,5.69
01-07-97,160.4,169.5,126.9,74.609,77.478,5.54
01-08-97,160.8,169.6,127.2,74.669,77.448,5.56
01-09-97,161.2,170,127.5,74.849,77.608,5.52
01-10-97,161.5,170.8,127.8,74.946,77.726,5.46
01-11-97,161.7,170.8,127.9,74.95,77.75,5.46
01-12-97,161.8,170.7,126.8,74.934,77.794,5.53
01-01-98,162,171.2,125.4,74.971,77.914,5.24
01-02-98,162,172.1,125,74.932,77.98,5.31
01-03-98,162,172.6,124.7,74.944,78.063,5.39
01-04-98,162.2,173,124.9,75.037,78.207,5.38
01-05-98,162.6,173.1,125.1,75.14,78.283,5.44
01-06-98,162.8,173,124.8,75.076,78.184,5.41
01-07-98,163.2,173.3,124.9,75.262,78.405,5.36
01-08-98,163.4,173.8,124.2,75.366,78.558,5.21
01-09-98,163.5,174.2,123.8,75.322,78.545,4.71
01-10-98,163.9,174.7,124,75.487,78.698,4.12
01-11-98,164.1,174.8,123.6,75.491,78.711,4.53
01-12-98,164.4,174.8,122.8,75.567,78.847,4.52
01-01-99,164.7,175.3,122.9,75.705,78.998,4.51
01-02-99,164.7,175.7,122.3,75.687,78.999,4.7
01-03-99,164.8,176.2,122.6,75.746,79.026,4.78
01-04-99,165.9,176.8,123.6,76.096,79.21,4.69
01-05-99,166,176.6,124.7,76.134,79.272,4.85
01-06-99,166,176.6,125.2,76.15,79.306,5.1
01-07-99,166.7,176.9,125.7,76.352,79.446,5.03
01-08-99,167.1,177.1,126.9,76.486,79.48,5.2
01-09-99,167.8,177.7,128,76.754,79.683,5.25
01-10-99,168.1,178.3,127.7,76.876,79.809,5.43
01-11-99,168.4,178.4,128.3,76.943,79.884,5.55
01-12-99,168.8,178.2,127.8,77.128,79.992,5.84
01-01-00,169.3,178.8,128.3,77.348,80.196,6.12
01-02-00,170,179.5,129.8,77.597,80.321,6.22
01-03-00,171,180.5,130.8,77.928,80.483,6.22
01-04-00,170.9,180.9,130.7,77.851,80.522,6.15
01-05-00,171.2,180.9,131.6,77.906,80.597,6.33
01-06-00,172.2,181,133.8,78.161,80.647,6.17
01-07-00,172.7,181.3,133.7,78.349,80.823,6.08
01-08-00,172.7,181.7,132.9,78.34,80.921,6.18
01-09-00,173.6,182.3,134.7,78.676,81.116,6.13
01-10-00,173.9,182.8,135.4,78.787,81.234,6.01
01-11-00,174.2,183,135,78.888,81.367,6.09
01-12-00,174.6,182.8,136.2,78.991,81.425,5.6
01-01-01,175.6,183.5,140,79.348,81.698,4.81
01-02-01,176,184.4,137.4,79.458,81.827,4.68
01-03-01,176.1,185.3,135.9,79.462,81.909,4.3
01-04-01,176.4,185.6,136.4,79.605,82.044,3.98
01-05-01,177.3,185.5,136.8,79.818,82.067,3.78
01-06-01,177.7,185.9,135.5,79.962,82.253,3.58
01-07-01,177.4,186.2,133.4,79.935,82.465,3.62
01-08-01,177.4,186.6,133.4,79.929,82.511,3.47
01-09-01,178.1,187.1,133.3,79.663,82.049,2.82
01-10-01,177.6,187.6,130.3,79.952,82.637,2.33
01-11-01,177.5,188.1,129.8,79.903,82.81,2.18
01-12-01,177.4,187.8,128.1,79.819,82.829,2.22
01-01-02,177.7,188.2,128.5,79.879,82.862,2.16
01-02-02,178,189.2,128.4,80.011,83.017,2.23
01-03-02,178.5,189.8,129.8,80.233,83.12,2.57
01-04-02,179.3,190.3,130.8,80.58,83.366,2.48
01-05-02,179.5,190.2,130.8,80.637,83.465,2.35
01-06-02,179.6,190.1,130.9,80.735,83.594,2.2
01-07-02,180,190.3,131.2,80.897,83.745,1.96
01-08-02,180.5,191,131.5,81.048,83.9,1.76
01-09-02,180.8,191.3,132.3,81.191,84.033,1.72
01-10-02,181.2,191.8,133.2,81.342,84.109,1.65
01-11-02,181.5,191.8,133.1,81.423,84.191,1.49
01-12-02,181.8,191.4,132.9,81.494,84.26,1.45
01-01-03,182.6,191.8,135.3,81.716,84.293,1.36
01-02-03,183.6,192.5,137.6,82.039,84.383,1.3
01-03-03,183.9,193,141.2,82.227,84.492,1.24
01-04-03,183.2,193.1,136.8,82.063,84.558,1.27
01-05-03,182.9,193.2,136.7,81.953,84.66,1.18
01-06-03,183.1,193,138,82.03,84.695,1.01
01-07-03,183.7,193.2,137.7,82.263,84.897,1.12
01-08-03,184.5,193.5,138,82.529,84.979,1.31
01-09-03,185.1,193.6,138.5,82.773,85.08,1.24
01-10-03,184.9,194.3,139.3,82.767,85.218,1.25
01-11-03,185,193.9,138.9,82.87,85.332,1.34
01-12-03,185.5,193.6,139.5,83.064,85.452,1.31
01-01-04,186.3,194,141.4,83.412,85.702,1.24
01-02-04,186.7,194.9,142.1,83.608,85.862,1.24
01-03-04,187.1,196.1,143.1,83.746,86.016,1.19
01-04-04,187.4,196.5,144.8,83.898,86.238,1.43
01-05-04,188.2,196.5,146.8,84.172,86.356,1.78
01-06-04,188.9,196.6,147.2,84.415,86.496,2.12
01-07-04,189.1,196.6,147.4,84.499,86.605,2.1
01-08-04,189.2,196.8,148,84.546,86.642,2.02
01-09-04,189.8,197.4,147.7,84.714,86.806,2.12
01-10-04,190.8,198.2,150,85.077,86.994,2.23
01-11-04,191.7,198.1,151.4,85.403,87.179,2.5
01-12-04,191.7,197.8,150.2,85.446,87.287,2.67
01-01-05,191.6,198.4,150.9,85.556,87.6,2.86
01-02-05,192.4,199.5,151.6,85.791,87.74,3.03
01-03-05,193.1,200.7,153.7,86.038,87.945,3.3
01-04-05,193.7,200.9,155,86.266,88.032,3.32
01-05-05,193.6,200.8,154.3,86.308,88.204,3.33
01-06-05,193.7,200.6,154.3,86.357,88.259,3.36
01-07-05,194.9,200.8,156.3,86.722,88.387,3.64
01-08-05,196.1,201,157.6,87.069,88.455,3.87
01-09-05,198.8,201.3,162.2,87.905,88.644,3.85
01-10-05,199.1,202.3,166.2,88.038,88.89,4.18
01-11-05,198.1,202.3,163.7,87.85,89.113,4.33
01-12-05,198.1,202.1,163,87.851,89.207,4.35
01-01-06,199.3,202.6,164.3,88.279,89.41,4.45
01-02-06,199.4,203.6,161.8,88.323,89.544,4.68
01-03-06,199.7,204.9,162.2,88.473,89.766,4.77
01-04-06,200.7,205.5,164.3,88.85,90,4.9
01-05-06,201.3,205.7,165.8,89.07,90.205,5
01-06-06,201.8,205.9,166.1,89.285,90.427,5.16
01-07-06,202.9,206.2,166.8,89.601,90.527,5.22
01-08-06,203.8,206.7,167.9,89.885,90.713,5.08
01-09-06,202.8,207.2,165.4,89.646,90.852,4.97
01-10-06,201.9,207.8,162.2,89.428,91.011,5.01
01-11-06,202,207.6,164.6,89.461,91.058,5.01
01-12-06,203.1,207.3,165.6,89.789,91.19,4.94
01-01-07,203.437,208.009,164,90.109,91.584,5.06
01-02-07,204.226,209.112,166.8,90.394,91.787,5.05
01-03-07,205.288,209.923,169.3,90.715,91.868,4.92
01-04-07,205.904,210.311,171.4,90.906,91.973,4.93
01-05-07,206.755,210.316,173.3,91.16,92.069,4.91
01-06-07,207.234,210.474,173.8,91.352,92.219,4.96
01-07-07,207.603,210.756,175.1,91.499,92.368,4.96
01-08-07,207.667,211.111,172.4,91.558,92.503,4.47
01-09-07,208.547,211.628,173.5,91.901,92.742,4.14
01-10-07,209.19,212.318,174.7,92.162,92.963,4.1
01-11-07,210.834,212.435,179,92.642,93.134,3.5
01-12-07,211.445,212.356,178.6,92.855,93.319,3.26
01-01-08,212.174,213.138,181,93.102,93.519,2.71
01-02-08,212.687,213.866,182.7,93.298,93.621,2.05
01-03-08,213.448,214.866,187.9,93.587,93.829,1.54
01-04-08,213.942,215.059,190.9,93.785,93.912,1.74
01-05-08,215.208,215.18,196.6,94.206,94.103,2.06
01-06-08,217.463,215.553,200.5,94.876,94.299,2.42
01-07-08,219.016,216.045,205.5,95.285,94.43,2.28
01-08-08,218.69,216.476,199,95.204,94.543,2.18
01-09-08,218.877,216.862,196.9,95.307,94.668,1.91
01-10-08,216.995,217.023,186.4,94.727,94.593,1.42
01-11-08,213.153,216.69,176.8,93.643,94.6,1.07
01-12-08,211.398,216.1,170.9,93.139,94.58,0.49
01-01-09,211.933,216.719,171.2,93.173,94.578,0.44
01-02-09,212.705,217.685,169.3,93.363,94.679,0.62
01-03-09,212.495,218.639,168.1,93.284,94.776,0.64
01-04-09,212.709,219.143,169.1,93.432,95.003,0.55
01-05-09,213.022,219.128,170.8,93.546,95.097,0.5
01-06-09,214.79,219.283,174.1,94.1,95.214,0.51
01-07-09,214.726,219.35,172.5,94.106,95.291,0.48
01-08-09,215.445,219.596,175,94.378,95.43,0.46
01-09-09,215.861,220.137,174.1,94.536,95.605,0.4
01-10-09,216.509,220.731,175.2,94.899,95.961,0.37
01-11-09,217.234,220.384,177.4,95.135,96.043,0.31
01-12-09,217.347,220.025,178.1,95.175,96.108,0.37
01-01-10,217.488,220.086,181.9,95.366,96.228,0.35
01-02-10,217.281,220.602,181,95.351,96.298,0.35
01-03-10,217.353,221.059,183.3,95.468,96.422,0.4
01-04-10,217.403,221.166,184.4,95.507,96.456,0.45
01-05-10,217.29,221.193,184.8,95.527,96.552,0.37
01-06-10,217.199,221.265,183.5,95.474,96.584,0.32
01-07-10,217.605,221.258,184.1,95.556,96.585,0.29
01-08-10,217.923,221.551,184.9,95.684,96.674,0.26
01-09-10,218.275,221.907,184.9,95.773,96.722,0.26
01-10-10,219.035,222.079,186.6,96.057,96.843,0.23
01-11-10,219.59,222.077,187.7,96.238,96.955,0.25
01-12-10,220.472,221.795,189.7,96.456,96.975,0.29
01-01-11,221.187,222.177,192.7,96.774,97.214,0.27
01-02-11,221.898,223.011,195.8,97.054,97.396,0.29
01-03-11,223.046,223.69,199.2,97.446,97.543,0.26
01-04-11,224.093,224.118,203.1,97.854,97.761,0.25
01-05-11,224.806,224.534,204.1,98.153,97.994,0.19
01-06-11,224.806,224.891,203.9,98.136,98.106,0.18
01-07-11,225.395,225.164,204.6,98.316,98.265,0.19
01-08-11,226.106,225.874,203.2,98.555,98.47,0.11
01-09-11,226.597,226.289,203.7,98.699,98.543,0.1
01-10-11,226.75,226.743,201.1,98.705,98.596,0.11
01-11-11,227.169,226.859,201.4,98.908,98.805,0.11
01-12-11,227.223,226.74,199.8,98.965,98.971,0.12
01-01-12,227.842,227.237,200.7,99.32,99.284,0.12
01-02-12,228.329,227.865,201.6,99.556,99.439,0.16
01-03-12,228.807,228.735,204.2,99.737,99.597,0.19
01-04-12,229.187,229.303,203.7,99.873,99.753,0.18
01-05-12,228.713,229.602,201.9,99.755,99.849,0.19
01-06-12,228.524,229.879,199.8,99.701,99.948,0.19
01-07-12,228.59,229.893,200.1,99.738,100.052,0.19
01-08-12,229.918,230.196,202.7,100.07,100.111,0.18
01-09-12,231.015,230.78,204.4,100.378,100.238,0.18
01-10-12,231.638,231.276,203.5,100.672,100.476,0.18
01-11-12,231.249,231.263,201.8,100.605,100.586,0.18
01-12-12,231.221,231.033,201.5,100.595,100.667,0.16
01-01-13,231.679,231.612,202.5,100.782,100.865,0.15
01-02-13,232.937,232.432,204.3,101.149,100.984,0.16
01-03-13,232.282,233.052,204,101.015,101.076,0.15
01-04-13,231.797,233.236,203.5,100.94,101.16,0.12
01-05-13,231.893,233.462,204.1,101.006,101.268,0.12
01-06-13,232.445,233.64,204.3,101.226,101.437,0.14
01-07-13,232.9,233.792,204.4,101.351,101.565,0.12
01-08-13,233.456,234.258,204.2,101.503,101.678,0.13
01-09-13,233.544,234.782,203.9,101.545,101.795,0.12
01-10-13,233.669,235.162,202.5,101.711,102.004,0.12
01-11-13,234.1,235.243,201.2,101.865,102.176,0.12
01-12-13,234.719,235,202,102.065,102.311,0.13
01-01-14,235.288,235.367,203.8,102.254,102.399,0.12
01-02-14,235.547,236.075,205.7,102.308,102.454,0.12
01-03-14,236.028,236.913,207,102.509,102.646,0.13
01-04-14,236.468,237.509,208.3,102.698,102.829,0.11
01-05-14,236.918,238.029,208,102.866,103,0.1
01-06-14,237.231,238.157,208.3,102.976,103.113,0.1
01-07-14,237.498,238.138,208,103.128,103.298,0.11
01-08-14,237.46,238.296,207,103.11,103.332,0.11
01-09-14,237.477,238.841,206.4,103.132,103.456,0.11
01-10-14,237.43,239.413,203.4,103.103,103.546,0.1
01-11-14,236.983,239.248,200.9,103.021,103.653,0.13
01-12-14,236.252,238.775,197,102.852,103.737,0.21
01-01-15,234.718,239.248,192,102.357,103.708,0.2
01-02-15,235.236,240.083,191.1,102.518,103.815,0.22
01-03-15,236.005,241.067,191.5,102.751,103.98,0.25
01-04-15,236.156,241.802,190.9,102.803,104.152,0.23
01-05-15,236.974,242.119,193.4,103.064,104.274,0.24
01-06-15,237.684,242.354,194.8,103.277,104.404,0.28
01-07-15,238.053,242.436,193.9,103.389,104.52,0.3
01-08-15,238.028,242.651,191.9,103.392,104.618,0.38
01-09-15,237.506,243.359,189.1,103.235,104.753,0.37
01-10-15,237.781,243.985,187.5,103.236,104.778,0.26
01-11-15,238.016,244.075,185.7,103.294,104.91,0.48
01-12-15,237.817,243.779,183.5,103.23,104.979,0.65
01-01-16,237.833,244.528,182.6,103.287,105.169,0.54
01-02-16,237.469,245.68,181.3,103.218,105.35,0.53
01-03-16,238.038,246.358,182.1,103.385,105.448,0.66
01-04-16,238.827,246.992,183.2,103.722,105.701,0.56
01-05-16,239.464,247.544,185.3,103.904,105.86,0.59
01-06-16,240.167,247.794,187.6,104.104,105.981,0.55
01-07-16,240.15,247.744,187.7,104.199,106.193,0.51
01-08-16,240.602,248.278,186.6,104.363,106.407,0.57
01-09-16,241.051,248.731,186.9,104.47,106.489,0.59
01-10-16,241.691,249.218,186.7,104.708,106.649,0.66
01-11-16,242.029,249.227,186.3,104.752,106.725,0.74
01-12-16,242.772,249.134,188.2,104.976,106.863,0.87
01-01-17,243.78,250.083,190.7,105.336,107.118,0.83
01-02-17,243.961,251.143,191.6,105.42,107.282,0.82
01-03-17,243.749,251.29,191.5,105.309,107.166,1.01
01-04-17,244.051,251.642,193,105.546,107.406,1.04
01-05-17,243.962,251.835,192.8,105.56,107.525,1.12
01-06-17,244.182,252.014,193.6,105.68,107.689,1.2
01-07-17,244.39,251.936,193.5,105.758,107.785,1.22
01-08-17,245.297,252.46,193.8,105.995,107.926,1.23
01-09-17,246.418,252.941,194.8,106.345,108.091,1.28
01-10-17,246.587,253.638,194.9,106.538,108.392,1.4
01-11-17,247.332,253.492,195.9,106.739,108.486,1.56
01-12-17,247.901,253.558,196.3,106.922,108.67,1.7
01-01-18,248.884,254.638,197.9,107.223,108.923,1.8
01-02-18,249.369,255.783,199.3,107.423,109.131,1.96
01-03-18,249.498,256.61,199.3,107.555,109.341,2.06
01-04-18,249.956,257.025,200.3,107.765,109.509,2.15
01-05-18,250.646,257.469,203.2,108.017,109.735,2.27
01-06-18,251.134,257.697,204.2,108.182,109.878,2.33
01-07-18,251.597,257.867,204.3,108.353,110.064,2.39
01-08-18,251.879,258.012,203.4,108.39,110.086,2.45
01-09-18,252.01,258.429,203.6,108.496,110.257,2.56
01-10-18,252.794,259.063,204.6,108.71,110.409,2.65
01-11-18,252.76,259.105,202.3,108.776,110.616,2.7
01-12-18,252.723,259.083,201,108.83,110.812,2.66
01-01-19,252.673,260.122,199.1,108.739,110.852,2.58
01-02-19,253.113,261.114,199.2,108.835,110.894,2.55
01-03-19,254.148,261.836,200.8,109.064,110.96,2.49
01-04-19,254.958,262.332,202.1,109.369,111.193,2.42
01-05-19,255.155,262.59,201.5,109.514,111.365,2.34
01-06-19,255.305,263.177,200.3,109.646,111.641,2
